{
  "train_history": [
    0.061533867640056666,
    0.06495757418584486,
    0.13320490109422947,
    0.18938722445786635,
    0.11600505735375623,
    0.13914296184748495,
    0.101541349704536,
    0.08884467379901201,
    0.082446162373542,
    0.3312706689919001,
    0.26956300758241103,
    0.15401154972716247,
    0.16766999008636213,
    0.13590849591220008,
    0.20889104375250184,
    0.15490418206687953,
    0.07939044448448088,
    0.1828055638434345,
    0.05596210204671932,
    0.07986665802299713,
    0.14535668477789465,
    0.10777829934239283,
    0.05492081924993842,
    0.1094324255814125,
    0.13790087245514862,
    0.16327990517173308,
    0.0637681791246373,
    0.053529175896515596,
    0.24472215523702492,
    0.048954475882955956,
    0.050637810421413264,
    0.10195288456772197,
    0.052300586595938586,
    0.05236604617189035,
    0.05125940798395428,
    0.05773910056296785,
    0.05207042218309712,
    0.054600915033976655,
    0.05682460749628543,
    0.05805465228549581
  ],
  "val_history": [
    0.046895573997582984,
    0.08819439894614295,
    0.045271794153099884,
    0.046135228799687136,
    0.049621259467576354,
    0.04526073959727689,
    0.04894550521644114,
    0.04607310635320522,
    0.04683201379187104,
    0.04593159825852364,
    0.04622883288097169,
    0.053826526006894485,
    0.04534484406403304,
    0.05284290919671639,
    0.04543000512894974,
    0.05469690868624191,
    0.049048221665170866,
    0.04845876966712728,
    0.04853981489818767,
    0.0653467896132423,
    0.04563483254105546,
    0.04851201457941196,
    0.04930950897031325,
    0.047482966795569265,
    0.04836716478472869,
    0.04554453169923408,
    0.045579753007618025,
    0.047954195102554484,
    0.04557738998968873,
    0.04573887019016793,
    0.04614623496391543,
    0.045723828860015414,
    0.04658704606231725,
    0.04631303497708131,
    0.045550871541477356,
    0.04530403484384699,
    0.04590694843267196,
    0.0529137460960456,
    0.047004382499510326,
    0.045655403212638786
  ],
  "metric": "mse",
  "val_mse": 0.045628879219293594,
  "val_rmse": 0.21360917400545698,
  "val_mae": 0.14736667275428772,
  "val_rmse_dollars": 5.898739931841839,
  "persistence_baseline_rmse_dollars": 5.921281342135931,
  "directional_accuracy": 0.5711805555555556,
  "majority_direction_baseline": 0.5711805555555556
}