{
  "train_history": [
    1.4649508873646448,
    1.3520368765485085,
    1.2686218855638967,
    2.0423209801383493,
    1.5407893167309352,
    1.6063695788162078,
    1.595002126570521,
    0.2968954554998436,
    0.34253993894042983,
    0.7622965909804474,
    0.9708043238590337,
    0.37703638488081914,
    0.7086801050570747,
    0.45027099505667517,
    0.4875899998600098,
    0.5151499406071942,
    0.7912970446354812,
    0.5264325749457023,
    1.003542766779421,
    0.5474796823589471,
    0.3780659091897409,
    0.8462730974273829,
    0.9568701055281239,
    0.6546091588997293,
    0.971166224291469,
    0.20788442709882257,
    0.4977710899373623,
    0.5114171139411502,
    0.5859238921833663,
    0.7102740586788017,
    0.27978120718266214,
    0.5276397258413665,
    0.6168224503159708,
    0.7424893100818412,
    0.19972381432933797,
    0.6551003026561093,
    0.19936462877160302,
    0.5193929729211781,
    0.514802007706034,
    0.5837541125822565
  ],
  "val_history": [
    0.36517211650806225,
    0.15683251791023697,
    0.1654258242548076,
    0.22117169925337066,
    0.15865499833177202,
    0.25908718312867374,
    0.2291444661268421,
    0.15071482968775854,
    0.16228602753365598,
    0.15055418241300533,
    0.1859186452968182,
    0.17055231921625288,
    0.22054546669890143,
    0.18190733115304586,
    0.15628468060833559,
    0.15171044532118685,
    0.18718238353307565,
    0.21543262439621524,
    0.29842204547628093,
    0.1633223739255906,
    0.189117932881533,
    0.2103722846256983,
    0.2099147442529,
    0.15156280980272036,
    0.19351792926818234,
    0.15540017313561766,
    0.41647049876351955,
    0.16598579169459451,
    0.17265480624095328,
    0.15277342202177085,
    0.17326434921406142,
    0.18173366062203664,
    0.163687369973239,
    0.18512773354974343,
    0.16553170427777028,
    0.15129771516875887,
    0.23388449994000743,
    0.2105647243888696,
    0.25563767042491237,
    0.15070963119441938
  ],
  "metric": "mse",
  "val_mse": 0.16305793821811676,
  "val_rmse": 0.403804331599002,
  "val_mae": 0.33499205112457275,
  "val_rmse_dollars": 0.24755347073000883,
  "persistence_baseline_rmse_dollars": 0.11644267910296965,
  "directional_accuracy": 0.4766666666666667,
  "majority_direction_baseline": 0.6066666666666667
}