{
  "train_history": [
    0.23352593137855518,
    0.3815788029389972,
    0.5377848451242176,
    0.6041832685842846,
    0.4502429925786415,
    0.3490845386636221,
    0.48784360681867595,
    0.23740458913580847,
    0.2742023128736614,
    0.3253592275182467,
    0.25002768285194105,
    0.23178908067945844,
    0.3091685623648936,
    0.26246949511709544,
    0.3000210722120057
  ],
  "val_history": [
    0.19913405287732683,
    0.22973237040209918,
    0.216707594644602,
    0.28683226118187655,
    0.15553904186991702,
    0.19147291110875206,
    0.176301823765898,
    0.17384967697266737,
    0.22463919415371492,
    0.22300935897569918,
    0.20378981321072692,
    0.1635559240998873,
    0.21914822664776998,
    0.15647001482423548,
    0.1937309464136024
  ],
  "metric": "mse",
  "val_mse": 0.21719659864902496,
  "val_rmse": 0.4660435587464169,
  "val_mae": 0.40158748626708984,
  "val_rmse_dollars": 0.2875811226692776,
  "persistence_baseline_rmse_dollars": 0.11644267910296965
}