{
  "train_history": [
    1.4820473221648893,
    1.5155883812898046,
    0.6083192620573005,
    2.3520104755395232,
    1.6201727294095363,
    2.0118113717966604,
    1.7435553569788105,
    0.2910994891844494,
    0.3485297588096561,
    1.0198596529524688,
    1.0047211780267746,
    0.4598822855938865,
    0.806010786175024,
    0.49525183082418794,
    0.501081150839399,
    0.43236494312062934,
    1.0184459537133477,
    0.551039964270016,
    1.1214247961026969,
    0.5930484080724386,
    0.3893707517115283,
    0.8958053824386631,
    1.0703089187535442,
    0.7437078871869304,
    1.1081767778702953,
    0.20683702292919046,
    0.5391556400571842,
    0.5124370666185539,
    0.5766764357834611,
    0.845141982328771,
    0.3018085993469718,
    0.5634579557770834,
    0.6763800244673757,
    0.8196216420268995,
    0.20118985191707642,
    0.7327985190653353,
    0.20427282106698988,
    0.562956625990791,
    0.5787327047891262,
    0.641475317722822
  ],
  "val_history": [
    0.41864679690463313,
    0.19563657684806154,
    0.17215771593472104,
    0.25035727625088383,
    0.1711160532506233,
    0.26625037221359077,
    0.2365709722554978,
    0.15091885782758196,
    0.18076329592582926,
    0.15116225659718718,
    0.176472192151341,
    0.17475631881650466,
    0.21527451253259622,
    0.18514443614038706,
    0.1674629857077368,
    0.16175414730462725,
    0.18530964342182416,
    0.21274399547117354,
    0.29857616743567555,
    0.16574706133580094,
    0.20703196726749978,
    0.20334403176442115,
    0.2047891186937477,
    0.15104195583031546,
    0.1992205987286689,
    0.15556188278546662,
    0.4417004929258322,
    0.1559239921038798,
    0.16453916465069293,
    0.15182560234343329,
    0.1690655185951679,
    0.17772858606155448,
    0.16835171288583903,
    0.18563488569556286,
    0.16577054580356618,
    0.1506405083301191,
    0.2367123842047719,
    0.20441669928668185,
    0.25458111646699155,
    0.15052935440572734
  ],
  "metric": "mse",
  "val_mse": 0.15061435103416443,
  "val_rmse": 0.38809064796019554,
  "val_mae": 0.3062410354614258,
  "val_rmse_dollars": 0.24251833851745466,
  "persistence_baseline_rmse_dollars": 0.11644267910296965,
  "directional_accuracy": 0.49,
  "majority_direction_baseline": 0.6066666666666667
}