{
  "train_history": [
    0.49833333333333335,
    0.5108333333333334,
    0.5383333333333333,
    0.5341666666666667,
    0.5225,
    0.5275,
    0.545,
    0.5341666666666667,
    0.5391666666666667,
    0.5475,
    0.5466666666666666,
    0.545,
    0.5325,
    0.5516666666666666,
    0.56
  ],
  "val_history": [
    0.6066666666666667,
    0.4766666666666667,
    0.4033333333333333,
    0.48333333333333334,
    0.56,
    0.5033333333333333,
    0.48333333333333334,
    0.4633333333333333,
    0.4866666666666667,
    0.41,
    0.4633333333333333,
    0.4166666666666667,
    0.49333333333333335,
    0.49333333333333335,
    0.54
  ],
  "metric": "accuracy",
  "val_accuracy": 0.54,
  "majority_baseline_accuracy": 0.6066666666666667
}