{
  "train_history": [
    1.256611530219444,
    1.1979865958084577,
    0.8636365919343607,
    0.8591648170604047,
    0.2444417941875734,
    0.7674617416087298,
    0.5309265571414611,
    0.20989600945789927,
    0.4930987960954462,
    1.1427846536719999,
    0.0475700681525286,
    0.09430310865031365,
    0.07373566330324902,
    0.23977391018248392,
    0.20090992037787098,
    0.0804305312393811,
    0.18572989953025887,
    0.24429419811612718,
    0.11771337161040774,
    1.1357282623934457,
    0.3428137729230074,
    0.05727542616070544,
    0.18764149982255893,
    0.08200242508401923,
    0.0995035075349237,
    0.11765456501424844,
    0.4232957201797744,
    0.04881479721771736,
    0.05797690718784457,
    0.19567008010061618,
    0.06095542492094563,
    0.07901012948003339,
    0.08328455046740603,
    0.14072999539549738,
    0.0848167621796588,
    0.2360875342934972,
    0.09586296049310758,
    0.07255571935588936,
    0.15374604861643537,
    0.05848213670641024
  ],
  "val_history": [
    0.25632582338866616,
    0.04225143498628247,
    0.06495038787484816,
    0.0438303788919488,
    0.09507379602184907,
    0.04304324420426138,
    0.04271609747858041,
    0.04227554244179833,
    0.05352994483595353,
    0.04499206521202495,
    0.044633635649899854,
    0.042490637159770965,
    0.042239022659717684,
    0.052928747578563765,
    0.0456728070888181,
    0.05193794321881721,
    0.0498136415929965,
    0.04807068254641649,
    0.15470249735146657,
    0.04223612129992622,
    0.042933122739235996,
    0.042235621275482915,
    0.04361091630156558,
    0.04219394240774918,
    0.07599061515419332,
    0.04324523698933642,
    0.051314212733173714,
    0.04428645382287793,
    0.04596870758095103,
    0.05514075512922962,
    0.043151307760011456,
    0.05579155956839031,
    0.042321282764301624,
    0.047739835088241214,
    0.04262041610956506,
    0.04667236590585768,
    0.04620857788099196,
    0.0423476418351624,
    0.04796334200441531,
    0.042208567778718266
  ],
  "metric": "mse",
  "val_mse": 0.04222998768091202,
  "val_rmse": 0.2054993617530527,
  "val_mae": 0.12976433336734772,
  "val_rmse_dollars": 0.11621141642312977,
  "persistence_baseline_rmse_dollars": 0.11644267746904909,
  "directional_accuracy": 0.6066666666666667,
  "majority_direction_baseline": 0.6066666666666667
}