{
  "n_test_predictions": 1347,
  "n_folds": 4,
  "seeds": [
    42,
    123,
    777
  ],
  "models": {
    "snn": {
      "rmse_dollars": 3.8442840207986815,
      "mae_dollars": 3.148599848907272,
      "directional_accuracy": 0.5107646622123236
    },
    "ridge": {
      "rmse_dollars": 2.5280001780781896,
      "mae_dollars": 1.75680922098576,
      "directional_accuracy": 0.5055679287305123
    },
    "lstm": {
      "rmse_dollars": 2.32156303059873,
      "mae_dollars": 1.5408467392280674,
      "directional_accuracy": 0.5285820341499629
    },
    "persistence": {
      "rmse_dollars": 2.2998843245789247,
      "mae_dollars": 1.5142770826353829,
      "directional_accuracy": 0.5449146250927989
    }
  },
  "dm_tests": {
    "snn_vs_persistence": {
      "dm_statistic": 19.8992244608101,
      "p_value": 0.0,
      "interpretation": "snn worse (significant)"
    },
    "snn_vs_ridge": {
      "dm_statistic": 16.658714827381516,
      "p_value": 0.0,
      "interpretation": "snn worse (significant)"
    },
    "snn_vs_lstm": {
      "dm_statistic": 19.48400535101243,
      "p_value": 0.0,
      "interpretation": "snn worse (significant)"
    }
  },
  "efficiency": {
    "input_spikes_per_example": 200.0,
    "hidden_spikes_per_example": 499.36309523809524,
    "synaptic_events_per_prediction": 22878.98214285714,
    "neuron_updates_per_prediction": 1650.0,
    "lstm_macs_per_prediction": 107552.0,
    "ridge_macs_per_prediction": 200.0,
    "snn_total_ops_per_prediction": 24528.98214285714
  }
}