{
  "train_history": [
    0.05225672044010257,
    0.08808738387151549,
    0.28633536226287715,
    0.2604018538601744,
    0.13404888622322525,
    0.1964050549680284,
    0.2336755612091692,
    0.06933758156407673,
    0.20324529778204597,
    0.4965507375851047,
    0.044732656384033544,
    0.04048983223744119,
    0.045326887447020944,
    0.15037650294276034,
    0.044742243048698616,
    0.04339522603127592,
    0.053924609258263985,
    0.0515230493600946,
    0.07470871542660575,
    0.24233386606223797,
    0.16056694696997031,
    0.04249779744132422,
    0.10388422724332724,
    0.04193386524303229,
    0.06591725920211623,
    0.13881206954008357,
    0.17649387682683074,
    0.04672991630702691,
    0.04722066759310068,
    0.08397282347310418,
    0.04385114057986244,
    0.04818440974113122,
    0.08163654399753249,
    0.04863364241781102,
    0.04824967107346293,
    0.09454415037931632,
    0.05832257835623826,
    0.05390435100012395,
    0.061090820530758934,
    0.04805696378931466
  ],
  "val_history": [
    0.043604872474680104,
    0.0544616516908286,
    0.0475234921813626,
    0.04249526581371053,
    0.0639468776442421,
    0.042202916472389634,
    0.04500449557676556,
    0.04416833650901964,
    0.04351271019271697,
    0.04267129999976153,
    0.04265983029723126,
    0.04278673806575256,
    0.054852382085655335,
    0.042289397330051014,
    0.04306029555972201,
    0.0422043784812729,
    0.042424049606637766,
    0.04811257886679982,
    0.04456551987582771,
    0.04238545199162578,
    0.044642397240165166,
    0.04260629107298276,
    0.04324380721738715,
    0.04266707416273721,
    0.04225148870876547,
    0.04363643245092239,
    0.04569227076782762,
    0.042786775764651945,
    0.047044280144870484,
    0.043834259111797017,
    0.042906974825597126,
    0.050007703523945866,
    0.04767799245838561,
    0.04492983570110561,
    0.04472078853329341,
    0.0478246275109806,
    0.048453850066180235,
    0.04332840447946276,
    0.04733486139462836,
    0.04234917664917579
  ],
  "metric": "mse",
  "val_mse": 0.042332299053668976,
  "val_rmse": 0.20574814471501068,
  "val_mae": 0.1302984058856964,
  "val_rmse_dollars": 0.11603322888062341,
  "persistence_baseline_rmse_dollars": 0.11644267746904909,
  "directional_accuracy": 0.6066666666666667,
  "majority_direction_baseline": 0.6066666666666667
}