{
  "train_history": [
    0.49583333333333335,
    0.5058333333333334,
    0.5175,
    0.5266666666666666,
    0.5258333333333334,
    0.5258333333333334,
    0.54,
    0.5291666666666667,
    0.5325,
    0.535,
    0.5425,
    0.5383333333333333,
    0.5383333333333333,
    0.5458333333333333,
    0.5708333333333333,
    0.5241666666666667,
    0.5441666666666667,
    0.55,
    0.54,
    0.5725,
    0.5666666666666667,
    0.5466666666666666,
    0.5641666666666667,
    0.5558333333333333,
    0.565,
    0.5583333333333333,
    0.5516666666666666,
    0.6025,
    0.5608333333333333,
    0.585
  ],
  "val_history": [
    0.6066666666666667,
    0.5066666666666667,
    0.43,
    0.52,
    0.56,
    0.43666666666666665,
    0.42333333333333334,
    0.49,
    0.44333333333333336,
    0.4066666666666667,
    0.4766666666666667,
    0.41333333333333333,
    0.6,
    0.5366666666666666,
    0.53,
    0.4533333333333333,
    0.5433333333333333,
    0.5666666666666667,
    0.47333333333333333,
    0.5266666666666666,
    0.44,
    0.44333333333333336,
    0.4766666666666667,
    0.5866666666666667,
    0.61,
    0.5333333333333333,
    0.47,
    0.6066666666666667,
    0.4266666666666667,
    0.5033333333333333
  ],
  "metric": "accuracy",
  "val_accuracy": 0.55,
  "majority_baseline_accuracy": 0.6066666666666667
}