{
  "train_history": [
    1.4649508873646448,
    1.3520368765485085,
    1.2686218855638967,
    2.0423209801383493,
    1.5407893167309352,
    1.6063695788162078,
    1.595002126570521,
    0.2968954554998436,
    0.34253993894042983,
    0.7622965909804474,
    1.3350492604859487,
    0.6193484854144572,
    1.0157479166256214,
    0.6047293924575805,
    0.5327168292522179
  ],
  "val_history": [
    0.36517211650806225,
    0.15683251791023697,
    0.1654258242548076,
    0.22117169925337066,
    0.15865499833177202,
    0.25908718312867374,
    0.2291444661268421,
    0.15071482968775854,
    0.16228602753365598,
    0.15055418241300533,
    0.16676397191382875,
    0.18072931153725372,
    0.2088590665397108,
    0.1944822452318533,
    0.19364510047563252
  ],
  "metric": "mse",
  "val_mse": 0.15687686204910278,
  "val_rmse": 0.3960768385668402,
  "val_mae": 0.2950906753540039,
  "val_rmse_dollars": 0.2547380182392462,
  "persistence_baseline_rmse_dollars": 0.11644267910296965,
  "directional_accuracy": 0.53,
  "majority_direction_baseline": 0.6066666666666667
}