{
  "train_history": [
    1.025870980032202,
    3.6575651323582647,
    4.435662055045866,
    4.115852958249629,
    0.30565567065359606,
    2.139282203358185,
    3.101798629583774,
    0.11889297368838897,
    2.1070399051928788,
    0.25326827395901924,
    2.502586561022845,
    1.2352643670752907,
    0.8891513975835704,
    2.0898521201777496,
    0.2832897087447878,
    3.240450687038893,
    0.2199021138313632,
    0.43561442652864646,
    0.5869036521765916,
    3.191213402988879,
    2.4898827937954193,
    0.21084874583946042,
    0.8014143960239362,
    0.7020075418578381,
    0.4950581400382972,
    2.1597700423142268,
    1.5366002556806195,
    0.53898751404151,
    0.5830181134394887,
    1.1375855251785136,
    0.5314661964688675,
    0.06576136011698781,
    1.9196460774704094,
    0.06605098605159997,
    0.32406170225564074,
    0.28293824253864924,
    0.22396351240068615,
    0.4992835033934554,
    0.12580519885985605,
    1.376893354605681
  ],
  "val_history": [
    0.09160064587102776,
    0.042294775156990407,
    0.06447831108471898,
    0.05873111510898525,
    0.05412055280108461,
    0.0421911258820345,
    0.05662858927633351,
    0.14769604516050322,
    0.3086111942708764,
    0.13733903035697206,
    0.08087639113485541,
    0.049016692456254986,
    0.16932817576754436,
    0.04470992996044463,
    0.17658329966718156,
    0.0505510376352728,
    0.044370299675944504,
    0.044177845048000014,
    0.04528306321768028,
    0.059467457601276835,
    0.07586686714567502,
    0.04252477770696411,
    0.07255043025088298,
    0.04446958937547,
    0.4526497213790814,
    0.04224171789727465,
    0.043215246440321,
    0.0827479446408203,
    0.1127670966289467,
    0.09917686293071408,
    0.04241179739848832,
    0.23880508420523786,
    0.06887472133598294,
    0.05832793063351564,
    0.0685923814776379,
    0.04310168953980475,
    0.055439481502946274,
    0.0678997680296925,
    0.10017244526721565,
    0.04226915424608004
  ],
  "metric": "mse",
  "val_mse": 0.04225962236523628,
  "val_rmse": 0.20557145318656547,
  "val_mae": 0.12997545301914215,
  "val_rmse_dollars": 0.11708169788986159,
  "persistence_baseline_rmse_dollars": 0.11644267746904909,
  "directional_accuracy": 0.6066666666666667,
  "majority_direction_baseline": 0.6066666666666667
}