{
  "train_history": [
    0.06552966088826605,
    0.10813647721054902,
    0.08284951900445796,
    0.2638244632887816,
    0.08098558408138012,
    0.06976245682891775,
    0.1027308985031076,
    0.1497328675011013,
    0.0873401697880362,
    0.10378846276275745,
    0.1484270057315556,
    0.08381273790017348,
    0.07890813021318661,
    0.07501523614333923,
    0.19256890970678853,
    0.07115362631144775,
    0.06252657272252704,
    0.07370236409188748,
    0.06400417903305684,
    0.06819191211269297,
    0.07467964361400414,
    0.06755201152235189,
    0.09031445991301915,
    0.08303334212842681,
    0.09632261066146935,
    0.08778455259432363,
    0.08971529805209381,
    0.0844850786738911,
    0.05721948333752857,
    0.06788021401622721,
    0.06306415382581276,
    0.059474964299728726,
    0.056659642265023784,
    0.06411169320938527,
    0.059578316564687095,
    0.06418766787488152,
    0.06219252775727002,
    0.08440842430608353,
    0.061374928220694104,
    0.09816673567681279
  ],
  "val_history": [
    0.047931714591908044,
    0.05404599440009212,
    0.24861664118847898,
    0.044689731632008005,
    0.04462738465994975,
    0.04659088454840021,
    0.05943142454824829,
    0.04959788157534907,
    0.05712329649855975,
    0.04451950090260572,
    0.04465542811869737,
    0.04549794468524936,
    0.04575940731700993,
    0.05419113815727649,
    0.04456071942684228,
    0.04454077837867995,
    0.05124869632791786,
    0.048075469936643224,
    0.05077673534514975,
    0.054834489371733554,
    0.04464050903252854,
    0.0455749835537794,
    0.044871315309834243,
    0.045081866540949055,
    0.044768720378143154,
    0.04452070046072085,
    0.045559754401538206,
    0.04538013298104996,
    0.044609338345088484,
    0.04817618572574079,
    0.04547720067787419,
    0.04836307561015555,
    0.045012555031837445,
    0.04680057014780969,
    0.04579396424233028,
    0.04526741921566713,
    0.04523999669821365,
    0.04469332553049423,
    0.04491451576648915,
    0.04456332127683483
  ],
  "metric": "mse",
  "val_mse": 0.04456696659326553,
  "val_rmse": 0.21110889747536823,
  "val_mae": 0.14633379876613617,
  "val_rmse_dollars": 1973.9839701086098,
  "persistence_baseline_rmse_dollars": 1973.145095156612,
  "directional_accuracy": 0.48867699642431467,
  "majority_direction_baseline": 0.5065554231227651
}