{
  "train_history": [
    2.1109776863230363,
    5.463885254024126,
    0.39598026346796994,
    14.235448128145668,
    2.7885371854850507,
    8.275765298609345,
    4.6206078845500285,
    0.42034619849347127,
    2.72709226324413,
    8.155345791421214,
    2.9479142051304015,
    1.7191553164644886,
    2.073882335451987,
    1.4453528288314048,
    1.2057894816189239,
    6.181787559034656,
    1.6468817295402909,
    2.544123680820203,
    2.9192790374134963,
    1.064329543524182,
    1.2827376250279798,
    0.5040528405540886,
    4.5862473583286345,
    1.9536936163252683,
    2.3720086428893423,
    0.3761140717073377,
    1.5125207219001446,
    1.8961207046189035,
    0.4801213688451241,
    1.247122848975853,
    0.7850346745266892,
    2.7154591566389654,
    1.260626705719055,
    1.6496240377670608,
    0.37211029431155496,
    1.889846844961838,
    0.24637938087970004,
    0.7998488882268817,
    2.6544208514127834,
    1.6406663100694712
  ],
  "val_history": [
    0.6310086120804772,
    0.33393792551491513,
    0.4000746720942698,
    0.34388505056799357,
    0.23589182854642293,
    0.3238230144370512,
    0.3553635534558028,
    0.1683065362056944,
    0.5422372381398266,
    0.15153509703674292,
    0.15353552892604283,
    0.16497198226955032,
    0.20735022430653166,
    0.1998058330833127,
    0.5652732292598012,
    0.15255982783230138,
    0.1505817019854582,
    0.23264989947866221,
    0.3620492144155287,
    0.15452132607676808,
    0.8310615827211704,
    0.3940795500812237,
    0.18789562014753908,
    0.18670925228653915,
    0.28043525102100225,
    0.15552203271974369,
    0.31997717562167965,
    0.2582382021753991,
    0.29359236926252985,
    0.3462045166053819,
    0.4639312126438987,
    0.15943378641882067,
    0.2504639874231602,
    0.26479666942289287,
    0.18266469440600608,
    0.1512923297675847,
    0.3906344013886822,
    0.16256072483285114,
    0.21904847256642976,
    0.15380026627657875
  ],
  "metric": "mse",
  "val_mse": 0.17288975417613983,
  "val_rmse": 0.4158001372969228,
  "val_mae": 0.3495609760284424,
  "val_rmse_dollars": 0.2543820228347365,
  "persistence_baseline_rmse_dollars": 0.11644267910296965,
  "directional_accuracy": 0.4633333333333333,
  "majority_direction_baseline": 0.6066666666666667
}