{
  "n_test_predictions": 1500,
  "n_folds": 4,
  "seeds": [
    42,
    123,
    777
  ],
  "models": {
    "snn": {
      "rmse_dollars": 0.6834689580630021,
      "mae_dollars": 0.5099657125136212,
      "directional_accuracy": 0.612
    },
    "ridge": {
      "rmse_dollars": 0.7555466668484643,
      "mae_dollars": 0.5483671063173933,
      "directional_accuracy": 0.5666666666666667
    },
    "lstm": {
      "rmse_dollars": 0.7116034054320522,
      "mae_dollars": 0.5222240533846509,
      "directional_accuracy": 0.5646666666666667
    },
    "trend": {
      "rmse_dollars": 0.9363852346372614,
      "mae_dollars": 0.6891699017665867,
      "directional_accuracy": 0.5266666666666666
    },
    "persistence": {
      "rmse_dollars": 0.6765253985741643,
      "mae_dollars": 0.5105098403549871,
      "directional_accuracy": 0.6073333333333333
    }
  },
  "dm_tests": {
    "snn_vs_persistence": {
      "dm_statistic": 0.8458192725507205,
      "p_value": 0.39778856526281503,
      "interpretation": "snn worse (not significant)"
    },
    "snn_vs_trend": {
      "dm_statistic": -11.343245766286197,
      "p_value": 0.0,
      "interpretation": "snn better (significant)"
    },
    "snn_vs_ridge": {
      "dm_statistic": -5.902970874969128,
      "p_value": 4.407778808612761e-09,
      "interpretation": "snn better (significant)"
    },
    "snn_vs_lstm": {
      "dm_statistic": -3.0998480143104774,
      "p_value": 0.0019722363720326985,
      "interpretation": "snn better (significant)"
    }
  },
  "efficiency": {
    "input_spikes_per_example": 180.0,
    "hidden_spikes_per_example": 0.04,
    "synaptic_events_per_prediction": 5760.04,
    "neuron_updates_per_prediction": 1650.0,
    "lstm_macs_per_prediction": 104992.0,
    "ridge_macs_per_prediction": 180.0,
    "snn_total_ops_per_prediction": 7410.04
  }
}