{
  "train_history": [
    0.8678152557558545,
    1.8645973929071236,
    0.36433605805613273,
    1.5960075967849279,
    2.388718241743578,
    1.0605214483931935,
    2.1661646481549566,
    1.0327867643246118,
    1.167238148912615,
    0.6917863296545355,
    4.42243801733478,
    1.5618730747517855,
    0.25711072044696776,
    1.0746536957233563,
    4.141882089424841
  ],
  "val_history": [
    0.1616240825629197,
    0.1846003407635175,
    0.20530351568149957,
    0.20064957106881248,
    0.14870763088796302,
    0.14923038278156026,
    0.18435888448818064,
    0.1519496979170049,
    0.3637619625593074,
    0.22654423721399475,
    0.149036183731873,
    0.14905757289251417,
    0.1557752368897878,
    0.25114749882197873,
    0.1530070435162109
  ],
  "metric": "mse",
  "val_mse": 0.17219537496566772,
  "val_rmse": 0.4149643056525076,
  "val_mae": 0.365162193775177,
  "val_rmse_dollars": 13.81846237159756,
  "persistence_baseline_rmse_dollars": 5.921281346889328
}