{
  "train_history": [
    0.5246048314941844,
    0.5332538025648673,
    0.5290784372203996,
    0.5278854756934089,
    0.5326573218013719,
    0.5308678795108858,
    0.5308678795108858,
    0.5228153892036982,
    0.5413062928720549,
    0.5338502833283627,
    0.5254995526394274,
    0.528780196838652,
    0.5341485237101103,
    0.5386221294363257,
    0.5436922159260363
  ],
  "val_history": [
    0.4922526817640048,
    0.49463647199046484,
    0.5148986889153755,
    0.49106078665077474,
    0.4934445768772348,
    0.4934445768772348,
    0.4934445768772348,
    0.47794994040524436,
    0.4922526817640048,
    0.5041716328963052,
    0.5029797377830751,
    0.48390941597139453,
    0.5089392133492253,
    0.49463647199046484,
    0.4803337306317044
  ],
  "metric": "accuracy",
  "val_accuracy": 0.5005959475566151,
  "majority_baseline_accuracy": 0.5065554231227652
}