{
  "train_history": [
    0.49833333333333335,
    0.5108333333333334,
    0.5383333333333333,
    0.5341666666666667,
    0.5225,
    0.5275,
    0.545,
    0.5341666666666667,
    0.5391666666666667,
    0.5475,
    0.5391666666666667,
    0.5466666666666666,
    0.5433333333333333,
    0.555,
    0.5466666666666666,
    0.5383333333333333,
    0.5666666666666667,
    0.5425,
    0.5291666666666667,
    0.5525,
    0.5491666666666667,
    0.545,
    0.54,
    0.5491666666666667,
    0.5466666666666666,
    0.5525,
    0.555,
    0.5708333333333333,
    0.5408333333333334,
    0.5525
  ],
  "val_history": [
    0.6066666666666667,
    0.4766666666666667,
    0.4033333333333333,
    0.48333333333333334,
    0.56,
    0.5033333333333333,
    0.48333333333333334,
    0.4633333333333333,
    0.4866666666666667,
    0.41,
    0.5,
    0.5033333333333333,
    0.5066666666666667,
    0.45666666666666667,
    0.49,
    0.4666666666666667,
    0.5066666666666667,
    0.48,
    0.5466666666666666,
    0.48,
    0.45,
    0.4766666666666667,
    0.48,
    0.5233333333333333,
    0.5366666666666666,
    0.5166666666666667,
    0.5033333333333333,
    0.5166666666666667,
    0.4866666666666667,
    0.51
  ],
  "metric": "accuracy",
  "val_accuracy": 0.49666666666666665,
  "majority_baseline_accuracy": 0.6066666666666667
}